length_sequence,base_a,base_t,base_c,base_g,AA,AC,AG,AT,CA,CC,CG,CT,GA,GC,GG,GT,TA,TC,TG,TT,polindromes_count,palindrome_threshold,type_familie
60,16,14,16,14,1,3,7,4,6,4,0,4,3,4,3,3,5,3,3,3,151,2,Coronavirus_packaging_signal
50,13,13,8,16,4,1,1,5,1,2,2,2,1,1,6,6,5,3,5,0,139,3,Coronavirus_packaging_signal
60,18,13,17,12,3,4,6,4,7,4,1,4,3,5,2,2,4,3,3,3,152,2,Coronavirus_packaging_signal
47,11,16,6,14,3,0,1,6,1,0,2,3,1,3,4,5,5,3,6,2,122,2,Coronavirus_packaging_signal
60,17,12,18,13,3,3,7,3,8,4,1,4,3,4,2,3,2,6,2,2,148,2,Coronavirus_packaging_signal
50,12,14,7,17,4,1,1,5,0,1,2,3,2,1,6,6,4,3,7,0,135,3,Coronavirus_packaging_signal
60,16,12,17,15,2,4,6,3,5,6,3,2,4,4,3,3,4,2,2,4,157,2,Coronavirus_packaging_signal
47,10,12,9,16,3,0,2,4,1,1,4,3,2,3,4,5,3,5,4,0,123,4,Coronavirus_packaging_signal
60,16,12,17,15,2,4,6,3,5,6,3,2,4,4,3,3,4,2,2,4,157,2,Coronavirus_packaging_signal
47,10,12,9,16,3,0,2,4,1,1,4,3,2,3,4,5,3,5,4,0,123,4,Coronavirus_packaging_signal
60,18,12,18,12,3,3,8,3,8,4,1,4,4,4,1,3,2,6,2,2,150,2,Coronavirus_packaging_signal
47,11,13,7,16,4,1,1,5,0,1,2,3,3,1,5,5,3,3,7,0,124,3,Coronavirus_packaging_signal
60,16,12,17,15,2,4,6,3,5,6,3,2,4,4,3,3,4,2,2,4,157,2,Coronavirus_packaging_signal
47,10,12,9,16,3,0,2,4,1,1,4,3,2,3,4,5,3,5,4,0,123,4,Coronavirus_packaging_signal
60,16,12,17,15,2,4,6,3,5,6,3,2,4,4,3,3,4,2,2,4,157,2,Coronavirus_packaging_signal
47,10,12,9,16,3,0,2,4,1,1,4,3,2,3,4,5,3,5,4,0,123,4,Coronavirus_packaging_signal
60,16,12,17,15,2,4,6,3,5,6,3,2,4,4,3,3,4,2,2,4,157,2,Coronavirus_packaging_signal
47,10,12,9,16,3,0,2,4,1,1,4,3,2,3,4,5,3,5,4,0,123,4,Coronavirus_packaging_signal
60,16,12,17,15,2,4,6,3,5,6,3,2,4,4,3,3,4,2,2,4,157,2,Coronavirus_packaging_signal
47,10,12,9,16,3,0,2,4,1,1,4,3,2,3,4,5,3,5,4,0,123,4,Coronavirus_packaging_signal
60,16,12,17,15,2,4,6,3,5,6,3,2,4,4,3,3,4,2,2,4,157,2,Coronavirus_packaging_signal
47,10,12,9,16,3,0,2,4,1,1,4,3,2,3,4,5,3,5,4,0,123,4,Coronavirus_packaging_signal
60,16,12,17,15,2,4,6,3,5,6,3,2,4,4,3,3,4,2,2,4,157,2,Coronavirus_packaging_signal
47,10,12,9,16,3,0,2,4,1,1,4,3,2,3,4,5,3,5,4,0,123,4,Coronavirus_packaging_signal
60,17,12,17,14,2,4,7,3,5,6,3,2,5,4,2,3,4,2,2,4,158,2,Coronavirus_packaging_signal
47,10,13,9,15,3,0,2,4,1,1,4,3,2,3,4,5,3,5,4,1,122,2,Coronavirus_packaging_signal
60,18,12,18,12,3,3,8,3,8,4,1,4,4,4,1,3,2,6,2,2,150,2,Coronavirus_packaging_signal
47,11,13,7,16,4,1,1,5,0,1,2,3,3,1,5,5,3,3,7,0,124,3,Coronavirus_packaging_signal
60,18,12,18,12,3,3,8,3,8,4,1,4,4,4,1,3,2,6,2,2,150,2,Coronavirus_packaging_signal
47,11,13,7,16,4,1,1,5,0,1,2,3,3,1,5,5,3,3,7,0,124,3,Coronavirus_packaging_signal
60,18,13,17,12,3,4,6,4,7,4,1,4,3,5,2,2,4,3,3,3,152,2,Coronavirus_packaging_signal
47,11,16,6,14,3,0,1,6,1,0,2,3,1,3,4,5,5,3,6,2,122,2,Coronavirus_packaging_signal
60,18,13,17,12,3,4,6,4,7,4,1,4,3,5,2,2,4,3,3,3,152,2,Coronavirus_packaging_signal
47,11,16,6,14,3,0,1,6,1,0,2,3,1,3,4,5,5,3,6,2,122,2,Coronavirus_packaging_signal
60,17,12,18,13,3,3,7,3,8,4,1,4,3,4,2,3,2,6,2,2,148,2,Coronavirus_packaging_signal
50,13,13,7,17,5,1,2,4,0,1,2,3,2,1,6,6,4,3,6,0,137,3,Coronavirus_packaging_signal
60,17,12,18,13,3,3,7,3,8,4,1,4,3,4,2,3,2,6,2,2,148,2,Coronavirus_packaging_signal
50,12,14,7,17,4,1,1,5,0,1,2,3,2,1,6,6,4,3,7,0,135,3,Coronavirus_packaging_signal
60,16,14,16,14,3,3,7,2,6,4,0,5,2,4,3,4,4,4,3,3,147,2,Coronavirus_packaging_signal
50,12,12,11,15,3,1,1,5,2,3,2,3,1,4,5,3,4,2,5,1,137,2,Coronavirus_packaging_signal
60,16,14,16,14,3,3,7,2,6,4,0,5,2,4,3,4,4,4,3,3,147,2,Coronavirus_packaging_signal
50,12,12,11,15,3,1,1,5,2,3,2,3,1,4,5,3,4,2,5,1,137,2,Coronavirus_packaging_signal
